Company Name,Units Held,Purchase Price,Market Value
Apple Inc.,75,$148.20,"$14,058.00"
Microsoft Corp.,100,$292.00,"$37,891.00"
Alphabet Inc.,50,$118.50,"$7,090.00"
Tesla Inc.,80,$198.75,"$19,873.60"
NVIDIA Corporation,150,$52.80,"$74,283.00"
Amazon.com Inc.,60,$135.40,"$10,695.00"
Berkshire Hathaway,10,"$345,200.00","$3,892,100.00"
Johnson & Johnson,40,$158.90,"$6,275.20"
Procter & Gamble Co,70,$148.55,"$11,438.00"
Visa Inc,45,$230.10,"$11,796.75"
Walt Disney Co.,50,$98.40,"$5,573.50"
Netflix Inc,25,$392.50,"$12,155.00"
PayPal Holdings,60,$72.50,"$3,729.00"
Chevron Corp,80,$155.20,"$12,968.00"
Coca-Cola Co.,100,$58.90,"$6,122.00"
