Loan ID,Borrower,Loan Amount ($),Interest Rate (%),Property Type,Original Appraised Value ($),Property Address
L-1001,Greenfield Holdings LLC,1250000,5.75,Commercial,1800000,"123 Main St, Houston TX"
L-1002,Apex Manufacturing Inc,3400000,6.1,Industrial,4200000,"456 Industrial Blvd, Dallas TX"
L-1003,Sunrise Retail Partners,780000,5.5,Retail,950000,"789 Commerce Dr, Austin TX"
L-1004,Bayou Properties LP,2100000,6.25,Multifamily,2600000,"321 River Rd, San Antonio TX"
L-1005,Coastal Logistics Corp,4600000,5.9,Warehouse,5500000,"654 Port Ave, Corpus Christi TX"
L-1006,Heritage Office Group,1900000,6.5,Office,2200000,"987 Tower Pkwy, Houston TX"
L-1007,Lone Star Medical LLC,5200000,5.8,Medical Office,6800000,"111 Health Way, Dallas TX"
L-1008,Prairie Wind Energy LP,3750000,7.0,Industrial,4000000,"222 Turbine Rd, Lubbock TX"
L-1009,Metro Student Housing Inc,2800000,6.4,Multifamily,3100000,"333 College Ave, College Station TX"
L-1010,Gulf Coast Retail Ventures,1650000,5.6,Retail,2100000,"444 Shoreline Blvd, Galveston TX"
L-1011,Riverbend Self-Storage LLC,920000,6.75,Self-Storage,1050000,"555 Storage Ln, Fort Worth TX"
L-1012,Capital City Developers,6100000,6.0,Mixed-Use,7200000,"666 Congress Ave, Austin TX"
L-1013,Panhandle Ag Partners,1400000,7.25,Agricultural,1500000,"777 Farm Rd, Amarillo TX"
L-1014,Texoma Hotel Group LP,3200000,6.3,Hospitality,3800000,"888 Resort Dr, Frisco TX"
L-1015,Westlake Office Trust,2450000,5.95,Office,3400000,"999 Westlake Dr, Austin TX"
